{
  "layer_0_attention": 0.39780451732998096,
  "layer_0_mlp": 0.39780451732998096,
  "layer_1_attention": 0.39780451732998096,
  "layer_1_mlp": 0.39780451732998096,
  "layer_2_attention": 0.39780451732998096,
  "layer_2_mlp": 0.39780451732998096,
  "layer_3_attention": 0.39780451732998096,
  "layer_3_mlp": 0.39780451732998096,
  "layer_4_attention": 0.39780451732998096,
  "layer_4_mlp": 0.39780451732998096,
  "layer_5_attention": 0.39780451732998096,
  "layer_5_mlp": 0.39780451732998096,
  "layer_6_attention": 0.39780451732998096,
  "layer_6_mlp": 0.39780451732998096,
  "layer_7_attention": 0.39780451732998096,
  "layer_7_mlp": 0.39780451732998096,
  "layer_8_attention": 0.39780451732998096,
  "layer_8_mlp": 0.39780451732998096,
  "layer_9_attention": 0.39780451732998096,
  "layer_9_mlp": 0.39780451732998096,
  "layer_10_attention": 0.39780451732998096,
  "layer_10_mlp": 0.39780451732998096,
  "layer_11_attention": 0.39780451732998096,
  "layer_11_mlp": 0.39780451732998096
}