{
  "importance_scores": {
    "layer_0_attention": 0.6068373644114815,
    "layer_0_mlp": 0.5981579446630928,
    "layer_1_attention": 0.9109746290659448,
    "layer_1_mlp": 0.8422396664114175,
    "layer_2_attention": 0.889154630971914,
    "layer_2_mlp": 0.9450723636025898,
    "layer_3_attention": 0.9292583821842434,
    "layer_3_mlp": 0.8002583223102602,
    "layer_4_attention": 0.6797936252405126,
    "layer_4_mlp": 0.7358350476256421,
    "layer_5_attention": 0.5373242721980377,
    "layer_5_mlp": 0.5110915833249663,
    "layer_6_attention": 0.6239023178202117,
    "layer_6_mlp": 0.5891088782697507,
    "layer_7_attention": 0.5832758382917036,
    "layer_7_mlp": 0.575202515972175,
    "layer_8_attention": 0.5114083679806961,
    "layer_8_mlp": 0.5772299568389953,
    "layer_9_attention": 0.45753656185384495,
    "layer_9_mlp": 0.530507908778989,
    "layer_10_attention": 0.5490592201026432,
    "layer_10_mlp": 0.5344709726725128,
    "layer_11_attention": 0.42254275650670126,
    "layer_11_mlp": 0.3448390662711333
  },
  "performance_impacts": {
    "layer_0_attention": 0.5613106016993407,
    "layer_0_mlp": 0.5586006471315689,
    "layer_1_attention": 0.5682652501584531,
    "layer_1_mlp": 0.471540964609421,
    "layer_2_attention": 0.4936424787787206,
    "layer_2_mlp": 0.5415548648886286,
    "layer_3_attention": 0.647481333118556,
    "layer_3_mlp": 0.3916780692131289,
    "layer_4_attention": 0.5696411722013003,
    "layer_4_mlp": 0.6256621022015616,
    "layer_5_attention": 0.4062303419387679,
    "layer_5_mlp": 0.3574706213413209,
    "layer_6_attention": 0.49682800466207366,
    "layer_6_mlp": 0.3841609473776576,
    "layer_7_attention": 0.4890423156705141,
    "layer_7_mlp": 0.4775909749359156,
    "layer_8_attention": 0.5576283449510879,
    "layer_8_mlp": 0.6843885763472696,
    "layer_9_attention": 0.426589002805099,
    "layer_9_mlp": 0.5236543110800513,
    "layer_10_attention": 0.60681786380955,
    "layer_10_mlp": 0.5234844826229194,
    "layer_11_attention": 0.5909540530231787,
    "layer_11_mlp": 0.426613049671133
  },
  "explanation_contributions": {
    "layer_0_attention": 0.6523641271236224,
    "layer_0_mlp": 0.6377152421946167,
    "layer_1_attention": 1.2536840079734366,
    "layer_1_mlp": 1.2129383682134138,
    "layer_2_attention": 1.2846667831651075,
    "layer_2_mlp": 1.348589862316551,
    "layer_3_attention": 1.2110354312499307,
    "layer_3_mlp": 1.2088385754073914,
    "layer_4_attention": 0.7899460782797247,
    "layer_4_mlp": 0.8460079930497225,
    "layer_5_attention": 0.6684182024573074,
    "layer_5_mlp": 0.6647125453086116,
    "layer_6_attention": 0.7509766309783498,
    "layer_6_mlp": 0.7940568091618436,
    "layer_7_attention": 0.677509360912893,
    "layer_7_mlp": 0.6728140570084343,
    "layer_8_attention": 0.4651883910103043,
    "layer_8_mlp": 0.4700713373307209,
    "layer_9_attention": 0.48848412090259097,
    "layer_9_mlp": 0.5373615064779266,
    "layer_10_attention": 0.4913005763957364,
    "layer_10_mlp": 0.5454574627221063,
    "layer_11_attention": 0.25413145999022374,
    "layer_11_mlp": 0.2630650828711336
  },
  "lambda_balance": 0.5
}